{"cameraMode":{"drawMode":0,"name":"Shaded","section":"Shading Mode"},"sceneLighting":false,"audioPlay":false,"sceneViewState":{"m_AlwaysRefresh":false,"showFog":true,"showSkybox":true,"showFlares":true,"showImageEffects":true,"showParticleSystems":true,"showVisualEffectGraphs":true,"m_FxEnabled":true},"in2DMode":false,"pivot":{"x":-63.572696685791019,"y":47.397220611572269,"z":36.0386962890625},"rotation":{"x":0.003939960617572069,"y":-0.7648127675056458,"z":0.027316773310303689,"w":0.6457009315490723},"size":24.295061111450197,"orthographic":false}