{"cameraMode":{"drawMode":0,"name":"Shaded","section":"Shading Mode"},"sceneLighting":true,"audioPlay":false,"sceneViewState":{"m_AlwaysRefresh":false,"showFog":true,"showSkybox":true,"showFlares":true,"showImageEffects":true,"showParticleSystems":true,"showVisualEffectGraphs":true,"m_FxEnabled":true},"in2DMode":false,"pivot":{"x":-13.065794944763184,"y":22.697715759277345,"z":-23.398221969604493},"rotation":{"x":-0.0003798533580265939,"y":-0.8848846554756165,"z":0.4695832133293152,"w":-0.014087696559727192},"size":12.124356269836426,"orthographic":false}