{"cameraMode":{"drawMode":0,"name":"Shaded","section":"Shading Mode"},"sceneLighting":true,"audioPlay":false,"sceneViewState":{"m_AlwaysRefresh":false,"showFog":true,"showSkybox":true,"showFlares":true,"showImageEffects":true,"showParticleSystems":true,"showVisualEffectGraphs":true,"m_FxEnabled":true},"in2DMode":false,"pivot":{"x":-85.9023208618164,"y":22.18045425415039,"z":-103.38776397705078},"rotation":{"x":-0.004174720495939255,"y":-0.9479671120643616,"z":0.012218369171023369,"w":-0.31828948855400088},"size":12.12435531616211,"orthographic":false}