{"cameraMode":{"drawMode":0,"name":"Shaded","section":"Shading Mode"},"sceneLighting":false,"audioPlay":false,"sceneViewState":{"m_AlwaysRefresh":false,"showFog":true,"showSkybox":true,"showFlares":true,"showImageEffects":true,"showParticleSystems":true,"showVisualEffectGraphs":true,"m_FxEnabled":true},"in2DMode":false,"pivot":{"x":7.050875186920166,"y":115.55696868896485,"z":83.29449462890625},"rotation":{"x":-0.002090830123052001,"y":-0.8778021931648254,"z":0.4806714653968811,"w":-0.001647368771955371},"size":21.48673439025879,"orthographic":false}