{"cameraMode":{"drawMode":0,"name":"Shaded","section":"Shading Mode"},"sceneLighting":false,"audioPlay":false,"sceneViewState":{"m_AlwaysRefresh":false,"showFog":true,"showSkybox":true,"showFlares":true,"showImageEffects":true,"showParticleSystems":true,"showVisualEffectGraphs":true,"m_FxEnabled":true},"in2DMode":false,"pivot":{"x":-14.34276008605957,"y":24.756084442138673,"z":2.0884017944335939},"rotation":{"x":0.015486713498830796,"y":0.9750319719314575,"z":-0.21335472166538239,"w":0.0726637989282608},"size":12.124356269836426,"orthographic":false}